{
 "analysis":{
   "info":"aBSREL (Adaptive branch-site random effects likelihood)\n                            uses an adaptive random effects branch-site model framework\n                            to test whether each branch has evolved under positive selection,\n                            using a procedure which infers an optimal number of rate categories per branch.",
   "version":"2.0",
   "citation":"Less Is More: An Adaptive Branch-Site Random Effects Model for Efficient Detection of Episodic Diversifying Selection (2015). Mol Biol Evol 32 (5): 1342-1353",
   "authors":"Sergei L Kosakovsky Pond, Ben Murrell, Steven Weaver and Temple iGEM / UCSD viral evolution group",
   "contact":"spond@temple.edu",
   "requirements":"in-frame codon alignment and a phylogenetic tree"
  },
 "input":{
   "file name":"/Users/ryanvelazquez/Documents/hyphy-gui/data/CD2.fna",
   "number of sequences":10,
   "number of sites":187,
   "partition count":1,
   "trees":{
     "0":"((((Pig:0.147969,Cow:0.21343)Node3:0.085099,Horse:0.165787,Cat:0.264806)Node2:0.058611,((RhMonkey:0.002015,Baboon:0.003108)Node9:0.022733,(Human:0.004349,Chimp:0.000799)Node12:0.011873)Node8:0.101856)Node1:0.340802,Rat:0.050958,Mouse:0.09795)"
    }
  },
 "fits":{
   "Nucleotide GTR":{
     "Log Likelihood":-3531.963695188078,
     "estimated parameters":24,
     "AIC-c":7112.577796880221,
     "Equilibrium frequencies":[
      [0.3563279857397504],
      [0.1837789661319073],
      [0.2402852049910873],
      [0.2196078431372549]
      ],
     "Rate Distributions":{
       "Substitution rate from nucleotide A to nucleotide C":0.5474707899156372,
       "Substitution rate from nucleotide A to nucleotide G":1,
       "Substitution rate from nucleotide A to nucleotide T":0.2645731371614987,
       "Substitution rate from nucleotide C to nucleotide G":0.4867482788015842,
       "Substitution rate from nucleotide C to nucleotide T":1.018295990828625,
       "Substitution rate from nucleotide G to nucleotide T":0.3026111812567471
      },
     "display order":0
    },
   "Baseline MG94xREV":{
     "Log Likelihood":-3450.669935008487,
     "estimated parameters":46,
     "AIC-c":6995.711784443743,
     "Equilibrium frequencies":[
      [0.04787662253946073],
      [0.03913388100305117],
      [0.04844580322128512],
      [0.0407178971288476],
      [0.01817959331488358],
      [0.01485982100934833],
      [0.01839572120297191],
      [0.01546129971531724],
      [0.0190238172858878],
      [0.01554988139098808],
      [0.01924998172104109],
      [0.01617929156565557],
      [0.02798385246472159],
      [0.02287372613761008],
      [0.02831653817605838],
      [0.02379958245776909],
      [0.01680670574479072],
      [0.01373763619452979],
      [0.01700651207463693],
      [0.01429369239710176],
      [0.006381800954137531],
      [0.005216421415661322],
      [0.006457670922102578],
      [0.00542756570877943],
      [0.006678159032689796],
      [0.005458661598138652],
      [0.00675755225029668],
      [0.00567961101013393],
      [0.009823507779659469],
      [0.008029638769211124],
      [0.009940294440024354],
      [0.008354653231583485],
      [0.0329096029621651],
      [0.02689998621179963],
      [0.03330084840219455],
      [0.02798881284619018],
      [0.01249635346589736],
      [0.01021439657952951],
      [0.01264491622176376],
      [0.01062784315018763],
      [0.01307665913959002],
      [0.01068873273724336],
      [0.0132321208528494],
      [0.01112137894012831],
      [0.01923563996618058],
      [0.01572302316926395],
      [0.01946432265285621],
      [0.01635944157725275],
      [0.01977100255021048],
      [0.02057127040149398],
      [0.009184593415672956],
      [0.007507396443725858],
      [0.009293784349897772],
      [0.007811272183233558],
      [0.007856024926654371],
      [0.009725369116048951],
      [0.008174012048031599],
      [0.01413784690564137],
      [0.01155613719386138],
      [0.01430592453757226],
      [0.01202389319448819]
      ],
     "Rate Distributions":{
       "Per-branch omega":{
         "Mean":666666667.6064723,
         "Median":1.103172943406719,
         "2.5%":0,
         "97.5%":10000000000
        }
      },
     "display order":1
    },
   "Full adaptive model":{
     "Log Likelihood":-3414.999253145403,
     "estimated parameters":60,
     "AIC-c":6954.044940785002,
     "Rate Distributions":{
      },
     "display order":2
    }
  },
 "timers":{
   "Overall":{
     "timer":224,
     "order":0
    },
   "Preliminary model fitting":{
     "timer":1,
     "order":1
    },
   "Baseline model fitting":{
     "timer":3,
     "order":2
    },
   "Complexity analysis":{
     "timer":59,
     "order":3
    },
   "Full adaptive model fitting":{
     "timer":17,
     "order":4
    },
   "Testing for selection":{
     "timer":144,
     "order":5
    }
  },
 "test results":{
   "P-value threshold":0.05,
   "tested":16,
   "positive test results":3
  },
 "tested":{
   "0":{
     "Pig":"test",
     "Cow":"test",
     "Node3":"test",
     "Horse":"test",
     "Cat":"test",
     "Node2":"test",
     "RhMonkey":"test",
     "Baboon":"test",
     "Node9":"test",
     "Human":"test",
     "Chimp":"test",
     "Node12":"test",
     "Node8":"test",
     "Node1":"test",
     "Rat":"test",
     "Mouse":"test"
    }
  },
 "data partitions":{
   "0":{
     "name":"absrel.filter.default",
     "coverage":[
      [0, 1, 2, 3, 4, 5, 6, 7, 8, 9, 10, 11, 12, 13, 14, 15, 16, 17, 18, 19, 20, 21, 22, 23, 24, 25, 26, 27, 28, 29, 30, 31, 32, 33, 34, 35, 36, 37, 38, 39, 40, 41, 42, 43, 44, 45, 46, 47, 48, 49, 50, 51, 52, 53, 54, 55, 56, 57, 58, 59, 60, 61, 62, 63, 64, 65, 66, 67, 68, 69, 70, 71, 72, 73, 74, 75, 76, 77, 78, 79, 80, 81, 82, 83, 84, 85, 86, 87, 88, 89, 90, 91, 92, 93, 94, 95, 96, 97, 98, 99, 100, 101, 102, 103, 104, 105, 106, 107, 108, 109, 110, 111, 112, 113, 114, 115, 116, 117, 118, 119, 120, 121, 122, 123, 124, 125, 126, 127, 128, 129, 130, 131, 132, 133, 134, 135, 136, 137, 138, 139, 140, 141, 142, 143, 144, 145, 146, 147, 148, 149, 150, 151, 152, 153, 154, 155, 156, 157, 158, 159, 160, 161, 162, 163, 164, 165, 166, 167, 168, 169, 170, 171, 172, 173, 174, 175, 176, 177, 178, 179, 180, 181, 182, 183, 184, 185, 186]
      ]
    }
  },
 "branch attributes":{
   "0":{
     "Human":{
       "original name":"Human",
       "Nucleotide GTR":0,
       "Baseline MG94xREV":0,
       "Baseline MG94xREV omega ratio":1,
       "Rate classes":1,
       "Full adaptive model":0,
       "Rate Distributions":[
        [1, 1]
        ],
       "LRT":0,
       "Uncorrected P-value":1,
       "Corrected P-value":1
      },
     "Chimp":{
       "original name":"Chimp",
       "Nucleotide GTR":0.001818175269183008,
       "Baseline MG94xREV":0.001839770275293327,
       "Baseline MG94xREV omega ratio":10000000000,
       "Rate classes":1,
       "Full adaptive model":0.001845757001681191,
       "Rate Distributions":[
        [10000000000, 1]
        ],
       "LRT":0.6343092343777244,
       "Uncorrected P-value":0.3036212554580478,
       "Corrected P-value":1
      },
     "Baboon":{
       "original name":"Baboon",
       "Nucleotide GTR":0.001682034736310889,
       "Baseline MG94xREV":0.001821071988475106,
       "Baseline MG94xREV omega ratio":0,
       "Rate classes":1,
       "Full adaptive model":0.001808271615706785,
       "Rate Distributions":[
        [0, 1]
        ],
       "LRT":0,
       "Uncorrected P-value":1,
       "Corrected P-value":1
      },
     "RhMonkey":{
       "original name":"RhMonkey",
       "Nucleotide GTR":0.003775509772274584,
       "Baseline MG94xREV":0.00367134058659946,
       "Baseline MG94xREV omega ratio":10000000000,
       "Rate classes":1,
       "Full adaptive model":0.003684330020668393,
       "Rate Distributions":[
        [10000000000, 1]
        ],
       "LRT":1.197369763037386,
       "Uncorrected P-value":0.2196297614390168,
       "Corrected P-value":1
      },
     "Cow":{
       "original name":"Cow",