{
 "analysis":{
   "info":"aBSREL (Adaptive branch-site random effects likelihood)\n                            uses an adaptive random effects branch-site model framework\n                            to test whether each branch has evolved under positive selection,\n                            using a procedure which infers an optimal number of rate categories per branch.",
   "version":"2.0",
   "citation":"Less Is More: An Adaptive Branch-Site Random Effects Model for Efficient Detection of Episodic Diversifying Selection (2015). Mol Biol Evol 32 (5): 1342-1353",
   "authors":"Sergei L Kosakovsky Pond, Ben Murrell, Steven Weaver and Temple iGEM / UCSD viral evolution group",
   "contact":"spond@temple.edu",
   "requirements":"in-frame codon alignment and a phylogenetic tree"
  },
 "input":{
   "file name":"/Users/ryanvelazquez/Documents/hyphy-gui/data/CD2_reduced.fna",
   "number of sequences":10,
   "number of sites":17,
   "partition count":1,
   "trees":{
     "0":"((((Pig:0.147969,Cow:0.21343)Node3:0.085099,Horse:0.165787,Cat:0.264806)Node2:0.058611,((RhMonkey:0.002015,Baboon:0.003108)Node9:0.022733,(Human:0.004349,Chimp:0.000799)Node12:0.011873)Node8:0.101856)Node1:0.340802,Rat:0.050958,Mouse:0.09795)"
    }
  },
 "fits":{
   "Nucleotide GTR":{
     "Log Likelihood":-283.9351451744614,
     "estimated parameters":24,
     "AIC-c":624.1461524178883,
     "Equilibrium frequencies":[
      [0.2676470588235294],
      [0.1872549019607843],
      [0.3186274509803921],
      [0.2264705882352941]
      ],
     "Rate Distributions":{
       "Substitution rate from nucleotide A to nucleotide C":0.09262363496400952,
       "Substitution rate from nucleotide A to nucleotide G":1,
       "Substitution rate from nucleotide A to nucleotide T":0.3142417912676077,
       "Substitution rate from nucleotide C to nucleotide G":0.2804135339061737,
       "Substitution rate from nucleotide C to nucleotide T":0.9078723546739674,
       "Substitution rate from nucleotide G to nucleotide T":0.2401508271959905
      },
     "display order":0
    },
   "Baseline MG94xREV":{
     "Log Likelihood":-269.3568437003503,
     "estimated parameters":46,
     "AIC-c":665.868158945416,
     "Equilibrium frequencies":[
      [0.01973527871183471],
      [0.02534099808228167],
      [0.02911842576682067],
      [0.02591080373450371],
      [0.009875165823718958],
      [0.0126801633691147],
      [0.01457031781368101],
      [0.01296528350271639],
      [0.01483939206370101],
      [0.01905445630230544],
      [0.02189478763086873],
      [0.01948290576060293],
      [0.01645245625743088],
      [0.02112570430628692],
      [0.02427478391407669],
      [0.02160072686387553],
      [0.00847062823194397],
      [0.01087667303389492],
      [0.01249799219821941],
      [0.01112124074002713],
      [0.004238544570001947],
      [0.005442484567277711],
      [0.006253762473947279],
      [0.00556486169143425],
      [0.006369252504363813],
      [0.008178410746328198],
      [0.009397516444864669],
      [0.008362306607664046],
      [0.007061599812899792],
      [0.009067416271614347],
      [0.01041904058966297],
      [0.009271301889135797],
      [0.02723368125717093],
      [0.03496928898691395],
      [0.04018194714263879],
      [0.03575559181737986],
      [0.01362722677149705],
      [0.01749798077471492],
      [0.020106297810505],
      [0.01789143206323683],
      [0.02047760659547608],
      [0.02629418094584567],
      [0.03021369377342298],
      [0.02688541941541359],
      [0.02270355317271145],
      [0.02915239788661565],
      [0.03349796764239391],
      [0.02980790486537328],
      [0.01365993017403631],
      [0.01396708087886851],
      [0.005323155590440146],
      [0.006835174591587521],
      [0.007854052287212816],
      [0.006988867082450151],
      [0.01027120327891532],
      [0.01180226876786424],
      [0.01050215667958423],
      [0.008868609000252022],
      [0.01138769849412476],
      [0.01308519310010741],
      [0.01164375687614601]
      ],
     "Rate Distributions":{
       "Per-branch omega":{
         "Mean":1000000001.14939,
         "Median":1.442705541065376,
         "2.5%":0,
         "97.5%":2.873555194761148
        }
      },
     "display order":1
    },
   "Full adaptive model":{
     "Log Likelihood":-269.1438105052429,
     "estimated parameters":46,
     "AIC-c":665.4420925552012,
     "Rate Distributions":{
      },
     "display order":2
    }
  },
 "timers":{
   "Overall":{
     "timer":50,
     "order":0
    },
   "Preliminary model fitting":{
     "timer":0,
     "order":1
    },
   "Baseline model fitting":{
     "timer":2,
     "order":2
    },
   "Complexity analysis":{
     "timer":29,
     "order":3
    },
   "Full adaptive model fitting":{
     "timer":2,
     "order":4
    },
   "Testing for selection":{
     "timer":17,
     "order":5
    }
  },
 "test results":{
   "P-value threshold":0.05,
   "tested":16,
   "positive test results":0
  },
 "tested":{
   "0":{
     "Pig":"test",
     "Cow":"test",
     "Node3":"test",
     "Horse":"test",
     "Cat":"test",
     "Node2":"test",
     "RhMonkey":"test",
     "Baboon":"test",
     "Node9":"test",
     "Human":"test",
     "Chimp":"test",
     "Node12":"test",
     "Node8":"test",
     "Node1":"test",
     "Rat":"test",
     "Mouse":"test"
    }
  },
 "data partitions":{
   "0":{
     "name":"absrel.filter.default",
     "coverage":[
      [0, 1, 2, 3, 4, 5, 6, 7, 8, 9, 10, 11, 12, 13, 14, 15, 16]
      ]
    }
  },
 "branch attributes":{
   "0":{
     "Human":{
       "original name":"Human",
       "Nucleotide GTR":0,
       "Baseline MG94xREV":0,
       "Baseline MG94xREV omega ratio":1,
       "Rate classes":1,
       "Full adaptive model":0,
       "Rate Distributions":[
        [1, 1]
        ],
       "LRT":0,
       "Uncorrected P-value":1,
       "Corrected P-value":1
      },
     "Chimp":{
       "original name":"Chimp",
       "Nucleotide GTR":0.01974837978057837,
       "Baseline MG94xREV":0.02038747320793169,
       "Baseline MG94xREV omega ratio":10000000000,
       "Rate classes":1,
       "Full adaptive model":0.02029531284301972,
       "Rate Distributions":[
        [10000000000, 1]
        ],
       "LRT":0.6008133759288512,
       "Uncorrected P-value":0.3098086709301314,
       "Corrected P-value":1
      },
     "Baboon":{
       "original name":"Baboon",
       "Nucleotide GTR":0,
       "Baseline MG94xREV":0,
       "Baseline MG94xREV omega ratio":1,
       "Rate classes":1,
       "Full adaptive model":0,
       "Rate Distributions":[
        [1, 1]
        ],
       "LRT":0,
       "Uncorrected P-value":1,
       "Corrected P-value":1
      },
     "RhMonkey":{
       "original name":"RhMonkey",
       "Nucleotide GTR":0,
       "Baseline MG94xREV":0,
       "Baseline MG94xREV omega ratio":1,
       "Rate classes":1,
       "Full adaptive model":0,
       "Rate Distributions":[
        [1, 1]
        ],
       "LRT":0,
       "Uncorrected P-value":1,
       "Corrected P-value":1
      },
     "Cow":{
       "original name":"Cow",
       "Nucleotide GTR":0.2023815651424147,
       "Baseline MG94xREV":0.1936998307493427,
       "Baseline MG94xREV omega ratio":1.622495442940581,
       "Rate classes":1,
       "Full adaptive model":0.1850206430406662,
       "Rate Distributions":[
        [1.595093933737983, 1]
        ],
       "LRT":0.1066127419264831,
       "Uncorrected P-value":0.4332336373145556,
       "Corrected P-value":1
      },
     "Pig":{
       "original name":"Pig",
       "Nucleotide GTR":0.3540604249172134,
       "Baseline MG94xREV":0.3825772166012754,
       "Baseline MG94xREV omega ratio":1.013295196673733,
       "Rate classes":1,
       "Full adaptive model":0.3906894000961465,
       "Rate Distributions":[
        [0.9767401732533466, 1]
        ],
       "LRT":0,
       "Uncorrected P-value":1,
       "Corrected P-value":1
      },
     "Horse":{
       "original name":"Horse",